[
  {
    "disabled": false,
    "hash": "7ad368a91e0260c7d0aedc2abea29f73ea1eff094816806f829a27c94f447847",
    "name": "blokscamera",
    "path": "blokscamera.apk"
  },
  {
    "disabled": false,
    "hash": "a94e5c2121a68843481e172cfbc7f42f2b18f0f2d94bcd17b2b850c58cdd0452",
    "name": "boost",
    "path": "boost.apk"
  },
  {
    "disabled": false,
    "hash": "59604564827c68e2ff3c488d1a25c16ced6caee35a695dfeb9c88fd3d1e8251e",
    "name": "camera",
    "path": "camera.apk"
  },
  {
    "disabled": false,
    "hash": "010cc2ee00c3d2ab4b8caa3215cfb474ccf08e3790f5286043aaef5d35de477a",
    "name": "fizz",
    "path": "fizz.apk"
  },
  {
    "disabled": false,
    "hash": "ef0df26179d8ed07ce1c7f745f02d212ab8d8a4325242bce6c29edf6aeec5a7e",
    "name": "heroplayer",
    "path": "heroplayer.apk"
  },
  {
    "disabled": false,
    "hash": "1c6fc2db66d7ffb9c72c8bff9806dc624d5d46e6286574e61a3962fe77bdfd4d",
    "name": "inappbrowser",
    "path": "inappbrowser.apk"
  },
  {
    "disabled": false,
    "hash": "f281ad6a5db6d6441fbc654143816b37818c9d481765e955591e36e4dee982ac",
    "name": "libunwindstack",
    "path": "libunwindstack.apk"
  },
  {
    "disabled": false,
    "hash": "5a52159f25ada04e16390293428b77593ad94e75401376292e3983a2397602e6",
    "name": "mediacompositionplayer",
    "path": "mediacompositionplayer.apk"
  },
  {
    "disabled": false,
    "hash": "5a9dbb9e336fc2191bd17bfda6093c4aca263464e22336c19e2769abb31da72c",
    "name": "mediastreaming",
    "path": "mediastreaming.apk"
  },
  {
    "disabled": false,
    "hash": "35fcb8f0625da1ee43a41d27fb9f162a5ef8f4b7c845cae84eda86e044c2dab2",
    "name": "mns",
    "path": "mns.apk"
  },
  {
    "disabled": false,
    "hash": "f7eab46baef79a7713912f14e848df43b208606f060f1b15ac405a520b165fb4",
    "name": "mnshttp",
    "path": "mnshttp.apk"
  },
  {
    "disabled": false,
    "hash": "38586c0a2c8a3e690a90d544667b94d9a55d207533d20f171818bd595ddea0fc",
    "name": "msys",
    "path": "msys.apk"
  },
  {
    "disabled": false,
    "hash": "34e3ac21bf539f30e9ead3d7c8f868b078c1feb62e02cd785f09193a22b3e338",
    "name": "msysinfra",
    "path": "msysinfra.apk"
  },
  {
    "disabled": false,
    "hash": "a09e3c09898ed153f52e758b0936cb9af252e3cba2d8466c4c133759f86b6e40",
    "name": "profilo",
    "path": "profilo.apk"
  },
  {
    "disabled": false,
    "hash": "1e8ccd54a2b32d4552c53fc8619d0062d935a03b417752a862184ef998978a9a",
    "name": "pytorch",
    "path": "pytorch.apk"
  },
  {
    "disabled": false,
    "hash": "3f171e71fdca69476f7ed4419125b265653e8d40776145257b859f03bd5b9d85",
    "name": "rtc",
    "path": "rtc.apk"
  },
  {
    "disabled": false,
    "hash": "92be801b13a6272fda10e02208fb7f8db0eaaa292a0c8f0f3754136cc7a364a3",
    "name": "s_1214477034",
    "path": "s_1214477034.apk"
  },
  {
    "disabled": false,
    "hash": "9288768b37d65f839d9034a2f872a675caf42d3d23f67830fd5b6f9936ea06b1",
    "name": "s_blokscamera_boost",
    "path": "s_blokscamera_boost.apk"
  },
  {
    "disabled": false,
    "hash": "7273a33682c9ceb08a3911421a2e5e914bcd3d65e8aeed1be999eabf1599d0cc",
    "name": "s_blokscamera_camera",
    "path": "s_blokscamera_camera.apk"
  },
  {
    "disabled": false,
    "hash": "33f26d51aa8d808f477fd6c94ea82c39b6ac59d6a719f82ebe4c0462a9914ff5",
    "name": "s_blokscamera_mediacompositionplayer",
    "path": "s_blokscamera_mediacompositionplayer.apk"
  },
  {
    "disabled": false,
    "hash": "5eee039ab0d3b1adec23289ef2219c41990cba440d0397ac02534bdeb9f5c15a",
    "name": "s_blokscamera_mediacompositionplayer_rtc",
    "path": "s_blokscamera_mediacompositionplayer_rtc.apk"
  },
  {
    "disabled": false,
    "hash": "0304e90ba25e216f0498ba5361913de7383783cd1143814d2ce6cf85ecca52e4",
    "name": "s_blokscamera_msysinfra",
    "path": "s_blokscamera_msysinfra.apk"
  },
  {
    "disabled": false,
    "hash": "ed5d84cc06de7b2c3773455b271d825e218076538499d32c08703f5119b7183a",
    "name": "s_blokscamera_rtc",
    "path": "s_blokscamera_rtc.apk"
  },
  {
    "disabled": true,
    "hash": "1029069f6d5e6a2d77f8e000ce74c66a91bc8b306917c7180c61d2445b8f23da",
    "name": "s_boost_mediastreaming",
    "path": "s_boost_mediastreaming.apk"
  },
  {
    "disabled": false,
    "hash": "773b11aaf135bffd852008fe40fe8e2f3bebfd28e60a587da5870c18a313e813",
    "name": "s_boost_profilo",
    "path": "s_boost_profilo.apk"
  },
  {
    "disabled": false,
    "hash": "d787f3e71889fba726da013890fb3750cf082fdb9538ceb9c5686eeccb0d7296",
    "name": "s_fizz_msys",
    "path": "s_fizz_msys.apk"
  },
  {
    "disabled": false,
    "hash": "26a0290abc2ec9c2c8a8d1693373c08abfcb52f8bd8cdd166acf0a3562743a3f",
    "name": "s_heroplayer_rtc",
    "path": "s_heroplayer_rtc.apk"
  },
  {
    "disabled": true,
    "hash": "ca0f3d10f0caaf6b852cfef01b1d02b9220746259a9a98f3f726be7facb245e9",
    "name": "s_inappbrowser_mediastreaming",
    "path": "s_inappbrowser_mediastreaming.apk"
  },
  {
    "disabled": false,
    "hash": "f28c997caf04634332430f685ad838b1aa517b43507649468cd3416088a4571e",
    "name": "s_libunwindstack_profilo",
    "path": "s_libunwindstack_profilo.apk"
  },
  {
    "disabled": false,
    "hash": "347a0c58e29f97a614077b30c872da1e1c2a65483223943d7b6f5859319edc86",
    "name": "s_mediacompositionplayer_mediastreaming_rtc",
    "path": "s_mediacompositionplayer_mediastreaming_rtc.apk"
  },
  {
    "disabled": true,
    "hash": "591399f51692fb2763c9898e4798bda3d8c6bf1ed88eb6eeebad3bfd382db437",
    "name": "s_mediastreaming_msys_profilo_rtc",
    "path": "s_mediastreaming_msys_profilo_rtc.apk"
  },
  {
    "disabled": false,
    "hash": "0ef8549961256582dfd90966bbb9324cd2d6c98076bfa05b9a28f6ef506fab9b",
    "name": "s_mediastreaming_msys_rtc",
    "path": "s_mediastreaming_msys_rtc.apk"
  },
  {
    "disabled": false,
    "hash": "b5e30de838407477295036796f47e1c75d929543f6579bfc7b5214598fbcdaad",
    "name": "s_mediastreaming_msysinfra",
    "path": "s_mediastreaming_msysinfra.apk"
  },
  {
    "disabled": false,
    "hash": "2942cbae64dcc81573f1d06f6fc04fb54a8cff00e7aa49da93d07abdc2e99684",
    "name": "s_mediastreaming_rtc",
    "path": "s_mediastreaming_rtc.apk"
  },
  {
    "disabled": false,
    "hash": "cb46f3065ad72b31479c7683a4dcb8e86bd5a64ebda9f567c52bb80f00b9cf47",
    "name": "s_mnshttp_msys",
    "path": "s_mnshttp_msys.apk"
  },
  {
    "disabled": false,
    "hash": "24a8da0252cf609959a7e6017123c24aa8f9bc9764cb7ba6f6aa4b5f3b0b67e1",
    "name": "s_msys_rtc",
    "path": "s_msys_rtc.apk"
  },
  {
    "disabled": true,
    "hash": "3ee7b13e575a09b225d406778818ad97f0901752d8d34b0602ee075850dd4ee7",
    "name": "s_pytorch_rtc",
    "path": "s_pytorch_rtc.apk"
  },
  {
    "disabled": false,
    "hash": "1d264ec7866cf417412d1a9732284a3cfa4fe722841188e5c739d3493befd8bb",
    "name": "shared_fizz_ms_profilo",
    "path": "shared_fizz_ms_profilo.apk"
  },
  {
    "disabled": false,
    "hash": "8ccc24a8f9d8229f844d2d60cb05f861333e787f94933bf476768ba424d4ee44",
    "name": "uiqr",
    "path": "uiqr.apk"
  }
]